-- phpMyAdmin SQL Dump
-- version 5.2.1
-- https://www.phpmyadmin.net/
--
-- Host: 127.0.0.1
-- Generation Time: Dec 09, 2024 at 08:32 AM
-- Server version: 10.4.32-MariaDB
-- PHP Version: 8.2.12

SET SQL_MODE = "NO_AUTO_VALUE_ON_ZERO";
START TRANSACTION;
SET time_zone = "+00:00";


/*!40101 SET @OLD_CHARACTER_SET_CLIENT=@@CHARACTER_SET_CLIENT */;
/*!40101 SET @OLD_CHARACTER_SET_RESULTS=@@CHARACTER_SET_RESULTS */;
/*!40101 SET @OLD_COLLATION_CONNECTION=@@COLLATION_CONNECTION */;
/*!40101 SET NAMES utf8mb4 */;

--
-- Database: `laravel11db`
--

-- --------------------------------------------------------

--
-- Table structure for table `addresses`
--

CREATE TABLE `addresses` (
  `id` bigint(20) UNSIGNED NOT NULL,
  `user_id` bigint(20) UNSIGNED NOT NULL,
  `name` varchar(191) NOT NULL,
  `phone` varchar(191) NOT NULL,
  `locality` varchar(191) NOT NULL,
  `address` text NOT NULL,
  `city` varchar(191) NOT NULL,
  `state` varchar(191) NOT NULL,
  `country` varchar(191) NOT NULL,
  `landmark` varchar(191) DEFAULT NULL,
  `zip` varchar(191) NOT NULL,
  `type` varchar(191) NOT NULL DEFAULT 'home',
  `isdefault` tinyint(1) NOT NULL DEFAULT 0,
  `created_at` timestamp NULL DEFAULT NULL,
  `updated_at` timestamp NULL DEFAULT NULL
) ENGINE=InnoDB DEFAULT CHARSET=utf8mb4 COLLATE=utf8mb4_unicode_ci;

--
-- Dumping data for table `addresses`
--

INSERT INTO `addresses` (`id`, `user_id`, `name`, `phone`, `locality`, `address`, `city`, `state`, `country`, `landmark`, `zip`, `type`, `isdefault`, `created_at`, `updated_at`) VALUES
(1, 2, 'Raja', '8989898989', 'Torpa', 'Torpa', 'Khunti', 'Jharkhand', 'India', 'Torpa', '565478', 'home', 1, '2024-11-26 00:25:52', '2024-11-26 00:25:52'),
(2, 3, 'Anju Kumari', '8210946900', 'Nawatoli', 'Vill -Turigara Nawatoli, Po-Marcha, Dist -Khunti ,Jharkhand', 'Khunti', 'Jharkhand', 'India', 'Nawatoli', '457896', 'home', 1, '2024-11-27 00:40:48', '2024-11-27 00:40:48');

-- --------------------------------------------------------

--
-- Table structure for table `brands`
--

CREATE TABLE `brands` (
  `id` bigint(20) UNSIGNED NOT NULL,
  `name` varchar(191) NOT NULL,
  `slug` varchar(191) NOT NULL,
  `image` varchar(191) DEFAULT NULL,
  `created_at` timestamp NULL DEFAULT NULL,
  `updated_at` timestamp NULL DEFAULT NULL
) ENGINE=InnoDB DEFAULT CHARSET=utf8mb4 COLLATE=utf8mb4_unicode_ci;

--
-- Dumping data for table `brands`
--

INSERT INTO `brands` (`id`, `name`, `slug`, `image`, `created_at`, `updated_at`) VALUES
(1, 'Laptop01', 'laptop01', '1732599467.png', '2024-11-26 00:07:52', '2024-11-26 00:07:52'),
(2, 'Mobile01', 'mobile01', '1732599494.png', '2024-11-26 00:08:14', '2024-11-26 00:08:14'),
(3, 'Bag01', 'bag01', '1732599565.jpg', '2024-11-26 00:09:25', '2024-11-26 00:09:25');

-- --------------------------------------------------------

--
-- Table structure for table `cache`
--

CREATE TABLE `cache` (
  `key` varchar(191) NOT NULL,
  `value` mediumtext NOT NULL,
  `expiration` int(11) NOT NULL
) ENGINE=InnoDB DEFAULT CHARSET=utf8mb4 COLLATE=utf8mb4_unicode_ci;

-- --------------------------------------------------------

--
-- Table structure for table `cache_locks`
--

CREATE TABLE `cache_locks` (
  `key` varchar(191) NOT NULL,
  `owner` varchar(191) NOT NULL,
  `expiration` int(11) NOT NULL
) ENGINE=InnoDB DEFAULT CHARSET=utf8mb4 COLLATE=utf8mb4_unicode_ci;

-- --------------------------------------------------------

--
-- Table structure for table `categories`
--

CREATE TABLE `categories` (
  `id` bigint(20) UNSIGNED NOT NULL,
  `name` varchar(191) NOT NULL,
  `slug` varchar(191) NOT NULL,
  `image` varchar(191) DEFAULT NULL,
  `parent_id` varchar(191) DEFAULT NULL,
  `created_at` timestamp NULL DEFAULT NULL,
  `updated_at` timestamp NULL DEFAULT NULL
) ENGINE=InnoDB DEFAULT CHARSET=utf8mb4 COLLATE=utf8mb4_unicode_ci;

--
-- Dumping data for table `categories`
--

INSERT INTO `categories` (`id`, `name`, `slug`, `image`, `parent_id`, `created_at`, `updated_at`) VALUES
(1, 'Bag01', 'bag01', '1732599609.jpg', NULL, '2024-11-26 00:10:09', '2024-11-26 00:10:09'),
(2, 'Shose 01', 'shose-01', '1732599627.jpg', NULL, '2024-11-26 00:10:27', '2024-11-26 00:10:27'),
(3, 'Laptop01', 'laptop01', '1732599685.png', NULL, '2024-11-26 00:11:25', '2024-11-26 00:11:25'),
(4, 'Mobile01', 'mobile01', '1732599702.png', NULL, '2024-11-26 00:11:43', '2024-11-26 00:11:43');

-- --------------------------------------------------------

--
-- Table structure for table `contacts`
--

CREATE TABLE `contacts` (
  `id` bigint(20) UNSIGNED NOT NULL,
  `name` varchar(191) NOT NULL,
  `email` varchar(191) NOT NULL,
  `phone` varchar(191) NOT NULL,
  `comment` text NOT NULL,
  `created_at` timestamp NULL DEFAULT NULL,
  `updated_at` timestamp NULL DEFAULT NULL
) ENGINE=InnoDB DEFAULT CHARSET=utf8mb4 COLLATE=utf8mb4_unicode_ci;

-- --------------------------------------------------------

--
-- Table structure for table `coupons`
--

CREATE TABLE `coupons` (
  `id` bigint(20) UNSIGNED NOT NULL,
  `code` varchar(191) NOT NULL,
  `type` enum('fixed','percent') NOT NULL,
  `value` decimal(8,2) NOT NULL,
  `cart_value` decimal(8,2) NOT NULL,
  `expiry_date` date NOT NULL DEFAULT cast(current_timestamp() as date),
  `created_at` timestamp NULL DEFAULT NULL,
  `updated_at` timestamp NULL DEFAULT NULL
) ENGINE=InnoDB DEFAULT CHARSET=utf8mb4 COLLATE=utf8mb4_unicode_ci;

-- --------------------------------------------------------

--
-- Table structure for table `failed_jobs`
--

CREATE TABLE `failed_jobs` (
  `id` bigint(20) UNSIGNED NOT NULL,
  `uuid` varchar(191) NOT NULL,
  `connection` text NOT NULL,
  `queue` text NOT NULL,
  `payload` longtext NOT NULL,
  `exception` longtext NOT NULL,
  `failed_at` timestamp NOT NULL DEFAULT current_timestamp()
) ENGINE=InnoDB DEFAULT CHARSET=utf8mb4 COLLATE=utf8mb4_unicode_ci;

-- --------------------------------------------------------

--
-- Table structure for table `jobs`
--

CREATE TABLE `jobs` (
  `id` bigint(20) UNSIGNED NOT NULL,
  `queue` varchar(191) NOT NULL,
  `payload` longtext NOT NULL,
  `attempts` tinyint(3) UNSIGNED NOT NULL,
  `reserved_at` int(10) UNSIGNED DEFAULT NULL,
  `available_at` int(10) UNSIGNED NOT NULL,
  `created_at` int(10) UNSIGNED NOT NULL
) ENGINE=InnoDB DEFAULT CHARSET=utf8mb4 COLLATE=utf8mb4_unicode_ci;

-- --------------------------------------------------------

--
-- Table structure for table `job_batches`
--

CREATE TABLE `job_batches` (
  `id` varchar(191) NOT NULL,
  `name` varchar(191) NOT NULL,
  `total_jobs` int(11) NOT NULL,
  `pending_jobs` int(11) NOT NULL,
  `failed_jobs` int(11) NOT NULL,
  `failed_job_ids` longtext NOT NULL,
  `options` mediumtext DEFAULT NULL,
  `cancelled_at` int(11) DEFAULT NULL,
  `created_at` int(11) NOT NULL,
  `finished_at` int(11) DEFAULT NULL
) ENGINE=InnoDB DEFAULT CHARSET=utf8mb4 COLLATE=utf8mb4_unicode_ci;

-- --------------------------------------------------------

--
-- Table structure for table `migrations`
--

CREATE TABLE `migrations` (
  `id` int(10) UNSIGNED NOT NULL,
  `migration` varchar(255) NOT NULL,
  `batch` int(11) NOT NULL
) ENGINE=InnoDB DEFAULT CHARSET=utf8mb4 COLLATE=utf8mb4_unicode_ci;

--
-- Dumping data for table `migrations`
--

INSERT INTO `migrations` (`id`, `migration`, `batch`) VALUES
(23, '0001_01_01_000000_create_users_table', 1),
(24, '0001_01_01_000001_create_cache_table', 1),
(25, '0001_01_01_000002_create_jobs_table', 1),
(26, '2024_10_10_105209_create_coupons_table', 1),
(27, '2024_10_14_070728_create_brands_table', 1),
(28, '2024_10_15_200641_create_personal_access_tokens_table', 1),
(29, '2024_10_16_091804_create_categories_table', 1),
(30, '2024_10_16_110113_create_products_table', 1),
(31, '2024_10_21_112626_create_orders_table', 1),
(32, '2024_10_21_112836_create_order_items_table', 1),
(33, '2024_10_21_112913_create_addresses_table', 1),
(34, '2024_10_21_113033_create_transactions_table', 1),
(35, '2024_10_23_090759_create_slides_table', 1),
(36, '2024_10_24_093659_create_month_names_table', 1),
(37, '2024_10_24_173753_create_contacts_table', 1);

-- --------------------------------------------------------

--
-- Table structure for table `month_names`
--

CREATE TABLE `month_names` (
  `id` bigint(20) UNSIGNED NOT NULL,
  `name` varchar(191) NOT NULL
) ENGINE=InnoDB DEFAULT CHARSET=utf8mb4 COLLATE=utf8mb4_unicode_ci;

-- --------------------------------------------------------

--
-- Table structure for table `orders`
--

CREATE TABLE `orders` (
  `id` bigint(20) UNSIGNED NOT NULL,
  `user_id` bigint(20) UNSIGNED NOT NULL,
  `subtotal` decimal(8,2) NOT NULL,
  `discount` decimal(8,2) NOT NULL DEFAULT 0.00,
  `tax` decimal(8,2) NOT NULL,
  `total` decimal(8,2) NOT NULL,
  `name` varchar(191) NOT NULL,
  `phone` varchar(191) NOT NULL,
  `locality` varchar(191) NOT NULL,
  `address` text NOT NULL,
  `city` varchar(191) NOT NULL,
  `state` varchar(191) NOT NULL,
  `country` varchar(191) NOT NULL,
  `landmark` varchar(191) DEFAULT NULL,
  `zip` varchar(191) NOT NULL,
  `type` varchar(191) NOT NULL DEFAULT 'home',
  `status` enum('ordered','delivered','canceled') NOT NULL DEFAULT 'ordered',
  `is_shipping_different` tinyint(1) NOT NULL DEFAULT 0,
  `delivered_date` date DEFAULT NULL,
  `canceled_date` date DEFAULT NULL,
  `created_at` timestamp NULL DEFAULT NULL,
  `updated_at` timestamp NULL DEFAULT NULL
) ENGINE=InnoDB DEFAULT CHARSET=utf8mb4 COLLATE=utf8mb4_unicode_ci;

--
-- Dumping data for table `orders`
--

INSERT INTO `orders` (`id`, `user_id`, `subtotal`, `discount`, `tax`, `total`, `name`, `phone`, `locality`, `address`, `city`, `state`, `country`, `landmark`, `zip`, `type`, `status`, `is_shipping_different`, `delivered_date`, `canceled_date`, `created_at`, `updated_at`) VALUES
(1, 2, 59.00, 0.00, 12.39, 71.39, 'Raja', '8989898989', 'Torpa', 'Torpa', 'Khunti', 'Jharkhand', 'India', 'Torpa', '565478', 'home', 'delivered', 0, '2024-11-26', NULL, '2024-11-26 00:25:52', '2024-11-26 00:27:46'),
(2, 3, 149.00, 0.00, 31.29, 180.29, 'Anju Kumari', '8210946900', 'Nawatoli', 'Vill -Turigara Nawatoli, Po-Marcha, Dist -Khunti ,Jharkhand', 'Khunti', 'Jharkhand', 'India', 'Nawatoli', '457896', 'home', 'ordered', 0, NULL, NULL, '2024-11-27 00:40:48', '2024-11-27 00:40:48');

-- --------------------------------------------------------

--
-- Table structure for table `order_items`
--

CREATE TABLE `order_items` (
  `id` bigint(20) UNSIGNED NOT NULL,
  `product_id` bigint(20) UNSIGNED NOT NULL,
  `order_id` bigint(20) UNSIGNED NOT NULL,
  `price` decimal(8,2) NOT NULL,
  `quantity` int(11) NOT NULL,
  `options` longtext DEFAULT NULL,
  `rstatus` tinyint(1) NOT NULL DEFAULT 0,
  `created_at` timestamp NULL DEFAULT NULL,
  `updated_at` timestamp NULL DEFAULT NULL
) ENGINE=InnoDB DEFAULT CHARSET=utf8mb4 COLLATE=utf8mb4_unicode_ci;

--
-- Dumping data for table `order_items`
--

INSERT INTO `order_items` (`id`, `product_id`, `order_id`, `price`, `quantity`, `options`, `rstatus`, `created_at`, `updated_at`) VALUES
(1, 2, 1, 59.00, 1, NULL, 0, '2024-11-26 00:25:52', '2024-11-26 00:25:52'),
(2, 4, 2, 149.00, 1, NULL, 0, '2024-11-27 00:40:48', '2024-11-27 00:40:48');

-- --------------------------------------------------------

--
-- Table structure for table `password_reset_tokens`
--

CREATE TABLE `password_reset_tokens` (
  `email` varchar(191) NOT NULL,
  `token` varchar(191) NOT NULL,
  `created_at` timestamp NULL DEFAULT NULL
) ENGINE=InnoDB DEFAULT CHARSET=utf8mb4 COLLATE=utf8mb4_unicode_ci;

-- --------------------------------------------------------

--
-- Table structure for table `personal_access_tokens`
--

CREATE TABLE `personal_access_tokens` (
  `id` bigint(20) UNSIGNED NOT NULL,
  `tokenable_type` varchar(191) NOT NULL,
  `tokenable_id` bigint(20) UNSIGNED NOT NULL,
  `name` varchar(191) NOT NULL,
  `token` varchar(64) NOT NULL,
  `abilities` text DEFAULT NULL,
  `last_used_at` timestamp NULL DEFAULT NULL,
  `expires_at` timestamp NULL DEFAULT NULL,
  `created_at` timestamp NULL DEFAULT NULL,
  `updated_at` timestamp NULL DEFAULT NULL
) ENGINE=InnoDB DEFAULT CHARSET=utf8mb4 COLLATE=utf8mb4_unicode_ci;

-- --------------------------------------------------------

--
-- Table structure for table `products`
--

CREATE TABLE `products` (
  `id` bigint(20) UNSIGNED NOT NULL,
  `name` varchar(191) NOT NULL,
  `slug` varchar(191) DEFAULT NULL,
  `short_description` varchar(191) DEFAULT NULL,
  `description` text NOT NULL,
  `regular_price` decimal(8,2) NOT NULL,
  `sale_price` decimal(8,2) DEFAULT NULL,
  `SKU` varchar(191) NOT NULL,
  `stock_status` enum('instock','outofstock') NOT NULL,
  `featured` tinyint(1) NOT NULL DEFAULT 0,
  `quantity` int(10) UNSIGNED NOT NULL DEFAULT 10,
  `image` varchar(191) DEFAULT NULL,
  `images` text DEFAULT NULL,
  `category_id` bigint(20) UNSIGNED DEFAULT NULL,
  `brand_id` bigint(20) UNSIGNED DEFAULT NULL,
  `created_at` timestamp NULL DEFAULT NULL,
  `updated_at` timestamp NULL DEFAULT NULL
) ENGINE=InnoDB DEFAULT CHARSET=utf8mb4 COLLATE=utf8mb4_unicode_ci;

--
-- Dumping data for table `products`
--

INSERT INTO `products` (`id`, `name`, `slug`, `short_description`, `description`, `regular_price`, `sale_price`, `SKU`, `stock_status`, `featured`, `quantity`, `image`, `images`, `category_id`, `brand_id`, `created_at`, `updated_at`) VALUES
(1, 'Laptop  S', 'laptop-s', 'Laptop', 'Laptop Laptop Laptop Laptop Laptop Laptop Laptop Laptop Laptop Laptop Laptop Laptop', 3000.00, 2500.00, 'LAP2500', 'instock', 1, 10, '1732599813.png', '1732599813-1.png,1732599813-2.png', 3, NULL, '2024-11-26 00:13:34', '2024-11-26 00:13:34'),
(2, 'Bag', 'bag', 'Bag', 'Bag Bag Bag Bag', 99.00, 59.00, 'BAG99', 'instock', 1, 22, '1732600053.jpg', '1732600053-1.jpg', 1, NULL, '2024-11-26 00:17:34', '2024-11-26 00:17:34'),
(3, 'Bag B', 'bag-b', 'Bag', 'Bag Bag Bag Bag Bag Bag', 129.00, 99.00, 'BAG129', 'instock', 1, 22, '1732600139.jpg', '1732600139-1.jpg', 1, NULL, '2024-11-26 00:18:59', '2024-11-26 00:18:59'),
(4, 'Bag BB', 'bag-bb', 'Bag', 'Bag Bag  Bag Bag Bag Bag Bag Bag Bag Bag Bag Bag Bag Bag Bag Bag Bag Bag Bag Bag', 159.00, 149.00, 'BAGBB159', 'instock', 1, 22, '1732600275.jpg', '1732600275-1.jpg', 1, NULL, '2024-11-26 00:21:15', '2024-11-26 00:21:15');

-- --------------------------------------------------------

--
-- Table structure for table `sessions`
--

CREATE TABLE `sessions` (
  `id` varchar(191) NOT NULL,
  `user_id` bigint(20) UNSIGNED DEFAULT NULL,
  `ip_address` varchar(45) DEFAULT NULL,
  `user_agent` text DEFAULT NULL,
  `payload` longtext NOT NULL,
  `last_activity` int(11) NOT NULL
) ENGINE=InnoDB DEFAULT CHARSET=utf8mb4 COLLATE=utf8mb4_unicode_ci;

--
-- Dumping data for table `sessions`
--

INSERT INTO `sessions` (`id`, `user_id`, `ip_address`, `user_agent`, `payload`, `last_activity`) VALUES
('HtpkR59yuVGiBhzP4lsAQ5o1GDgthXQNPzZgGE65', NULL, '127.0.0.1', 'Mozilla/5.0 (Windows NT 10.0; Win64; x64) AppleWebKit/537.36 (KHTML, like Gecko) Chrome/131.0.0.0 Safari/537.36 Edg/131.0.0.0', 'YTozOntzOjY6Il90b2tlbiI7czo0MDoiTWpaTWdGZWowOFNqU3dXRE8zS01wNFBwWmFCQ3Q0dXZIOGRMMzdWRCI7czo2OiJfZmxhc2giO2E6Mjp7czozOiJvbGQiO2E6MDp7fXM6MzoibmV3IjthOjA6e319czo5OiJfcHJldmlvdXMiO2E6MTp7czozOiJ1cmwiO3M6MjE6Imh0dHA6Ly8xMjcuMC4wLjE6ODAwMCI7fX0=', 1732688060);

-- --------------------------------------------------------

--
-- Table structure for table `slides`
--

CREATE TABLE `slides` (
  `id` bigint(20) UNSIGNED NOT NULL,
  `tagline` varchar(191) NOT NULL,
  `title` varchar(191) NOT NULL,
  `subtitle` varchar(191) NOT NULL,
  `link` varchar(191) NOT NULL,
  `image` varchar(191) NOT NULL,
  `status` varchar(191) NOT NULL,
  `created_at` timestamp NULL DEFAULT NULL,
  `updated_at` timestamp NULL DEFAULT NULL
) ENGINE=InnoDB DEFAULT CHARSET=utf8mb4 COLLATE=utf8mb4_unicode_ci;

--
-- Dumping data for table `slides`
--

INSERT INTO `slides` (`id`, `tagline`, `title`, `subtitle`, `link`, `image`, `status`, `created_at`, `updated_at`) VALUES
(1, 'Best Bsg', 'Best Bag', 'Best Bag', 'http://127.0.0.1:8000/shop/bag-bb', '1732600322.jpg', '1', '2024-11-26 00:22:02', '2024-11-26 00:24:48');

-- --------------------------------------------------------

--
-- Table structure for table `transactions`
--

CREATE TABLE `transactions` (
  `id` bigint(20) UNSIGNED NOT NULL,
  `user_id` bigint(20) UNSIGNED NOT NULL,
  `order_id` bigint(20) UNSIGNED NOT NULL,
  `mode` enum('cod','card','paypal') NOT NULL,
  `status` enum('pending','approved','declined','refunded') NOT NULL DEFAULT 'pending',
  `created_at` timestamp NULL DEFAULT NULL,
  `updated_at` timestamp NULL DEFAULT NULL
) ENGINE=InnoDB DEFAULT CHARSET=utf8mb4 COLLATE=utf8mb4_unicode_ci;

--
-- Dumping data for table `transactions`
--

INSERT INTO `transactions` (`id`, `user_id`, `order_id`, `mode`, `status`, `created_at`, `updated_at`) VALUES
(1, 2, 1, 'cod', 'approved', '2024-11-26 00:25:52', '2024-11-26 00:27:46'),
(2, 3, 2, 'cod', 'pending', '2024-11-27 00:40:48', '2024-11-27 00:40:48');

-- --------------------------------------------------------

--
-- Table structure for table `users`
--

CREATE TABLE `users` (
  `id` bigint(20) UNSIGNED NOT NULL,
  `name` varchar(191) NOT NULL,
  `email` varchar(191) NOT NULL,
  `mobile` varchar(191) NOT NULL,
  `email_verified_at` timestamp NULL DEFAULT NULL,
  `password` varchar(191) NOT NULL,
  `utype` varchar(191) NOT NULL DEFAULT 'USR' COMMENT 'ADM for Adminand USR for User or Customer',
  `remember_token` varchar(100) DEFAULT NULL,
  `created_at` timestamp NULL DEFAULT NULL,
  `updated_at` timestamp NULL DEFAULT NULL
) ENGINE=InnoDB DEFAULT CHARSET=utf8mb4 COLLATE=utf8mb4_unicode_ci;

--
-- Dumping data for table `users`
--

INSERT INTO `users` (`id`, `name`, `email`, `mobile`, `email_verified_at`, `password`, `utype`, `remember_token`, `created_at`, `updated_at`) VALUES
(1, 'Admin', 'admin@admin.com', '8210946902', NULL, '$2y$12$6cSrVJlkmtdNGSiqKVgS/.Y2rfCBg9HBwxi20JE6RM91shbVD7JZC', 'ADM', NULL, '2024-11-26 00:03:29', '2024-11-26 00:03:29'),
(2, 'Bishnu', 'bishnu1998@gmail.com', '8989456123', NULL, '$2y$12$RXAXzw5YdTOoko0s0Rp7puvQaU2yG2g4RwsmEFGoMFDmzf21Rn8yi', 'USR', NULL, '2024-11-26 00:06:31', '2024-11-26 00:06:31'),
(3, 'Anju Kumari', 'anju@anju.com', '9572082065', NULL, '$2y$12$jCZK7GfR1DOFPCn7vgFUKOAdxlQF64GTk5fSPEhGST3z5uDr.hNtq', 'USR', NULL, '2024-11-27 00:39:37', '2024-11-27 00:39:37');

--
-- Indexes for dumped tables
--

--
-- Indexes for table `addresses`
--
ALTER TABLE `addresses`
  ADD PRIMARY KEY (`id`),
  ADD KEY `addresses_user_id_foreign` (`user_id`);

--
-- Indexes for table `brands`
--
ALTER TABLE `brands`
  ADD PRIMARY KEY (`id`),
  ADD UNIQUE KEY `brands_slug_unique` (`slug`);

--
-- Indexes for table `cache`
--
ALTER TABLE `cache`
  ADD PRIMARY KEY (`key`);

--
-- Indexes for table `cache_locks`
--
ALTER TABLE `cache_locks`
  ADD PRIMARY KEY (`key`);

--
-- Indexes for table `categories`
--
ALTER TABLE `categories`
  ADD PRIMARY KEY (`id`),
  ADD UNIQUE KEY `categories_slug_unique` (`slug`);

--
-- Indexes for table `contacts`
--
ALTER TABLE `contacts`
  ADD PRIMARY KEY (`id`);

--
-- Indexes for table `coupons`
--
ALTER TABLE `coupons`
  ADD PRIMARY KEY (`id`),
  ADD UNIQUE KEY `coupons_code_unique` (`code`);

--
-- Indexes for table `failed_jobs`
--
ALTER TABLE `failed_jobs`
  ADD PRIMARY KEY (`id`),
  ADD UNIQUE KEY `failed_jobs_uuid_unique` (`uuid`);

--
-- Indexes for table `jobs`
--
ALTER TABLE `jobs`
  ADD PRIMARY KEY (`id`),
  ADD KEY `jobs_queue_index` (`queue`);

--
-- Indexes for table `job_batches`
--
ALTER TABLE `job_batches`
  ADD PRIMARY KEY (`id`);

--
-- Indexes for table `migrations`
--
ALTER TABLE `migrations`
  ADD PRIMARY KEY (`id`);

--
-- Indexes for table `month_names`
--
ALTER TABLE `month_names`
  ADD PRIMARY KEY (`id`);

--
-- Indexes for table `orders`
--
ALTER TABLE `orders`
  ADD PRIMARY KEY (`id`),
  ADD KEY `orders_user_id_foreign` (`user_id`);

--
-- Indexes for table `order_items`
--
ALTER TABLE `order_items`
  ADD PRIMARY KEY (`id`),
  ADD KEY `order_items_product_id_foreign` (`product_id`),
  ADD KEY `order_items_order_id_foreign` (`order_id`);

--
-- Indexes for table `password_reset_tokens`
--
ALTER TABLE `password_reset_tokens`
  ADD PRIMARY KEY (`email`);

--
-- Indexes for table `personal_access_tokens`
--
ALTER TABLE `personal_access_tokens`
  ADD PRIMARY KEY (`id`),
  ADD UNIQUE KEY `personal_access_tokens_token_unique` (`token`),
  ADD KEY `personal_access_tokens_tokenable_type_tokenable_id_index` (`tokenable_type`,`tokenable_id`);

--
-- Indexes for table `products`
--
ALTER TABLE `products`
  ADD PRIMARY KEY (`id`),
  ADD KEY `products_category_id_foreign` (`category_id`),
  ADD KEY `products_brand_id_foreign` (`brand_id`);

--
-- Indexes for table `sessions`
--
ALTER TABLE `sessions`
  ADD PRIMARY KEY (`id`),
  ADD KEY `sessions_user_id_index` (`user_id`),
  ADD KEY `sessions_last_activity_index` (`last_activity`);

--
-- Indexes for table `slides`
--
ALTER TABLE `slides`
  ADD PRIMARY KEY (`id`);

--
-- Indexes for table `transactions`
--
ALTER TABLE `transactions`
  ADD PRIMARY KEY (`id`),
  ADD KEY `transactions_user_id_foreign` (`user_id`),
  ADD KEY `transactions_order_id_foreign` (`order_id`);

--
-- Indexes for table `users`
--
ALTER TABLE `users`
  ADD PRIMARY KEY (`id`),
  ADD UNIQUE KEY `users_email_unique` (`email`),
  ADD UNIQUE KEY `users_mobile_unique` (`mobile`);

--
-- AUTO_INCREMENT for dumped tables
--

--
-- AUTO_INCREMENT for table `addresses`
--
ALTER TABLE `addresses`
  MODIFY `id` bigint(20) UNSIGNED NOT NULL AUTO_INCREMENT, AUTO_INCREMENT=3;

--
-- AUTO_INCREMENT for table `brands`
--
ALTER TABLE `brands`
  MODIFY `id` bigint(20) UNSIGNED NOT NULL AUTO_INCREMENT, AUTO_INCREMENT=4;

--
-- AUTO_INCREMENT for table `categories`
--
ALTER TABLE `categories`
  MODIFY `id` bigint(20) UNSIGNED NOT NULL AUTO_INCREMENT, AUTO_INCREMENT=5;

--
-- AUTO_INCREMENT for table `contacts`
--
ALTER TABLE `contacts`
  MODIFY `id` bigint(20) UNSIGNED NOT NULL AUTO_INCREMENT;

--
-- AUTO_INCREMENT for table `coupons`
--
ALTER TABLE `coupons`
  MODIFY `id` bigint(20) UNSIGNED NOT NULL AUTO_INCREMENT;

--
-- AUTO_INCREMENT for table `failed_jobs`
--
ALTER TABLE `failed_jobs`
  MODIFY `id` bigint(20) UNSIGNED NOT NULL AUTO_INCREMENT;

--
-- AUTO_INCREMENT for table `jobs`
--
ALTER TABLE `jobs`
  MODIFY `id` bigint(20) UNSIGNED NOT NULL AUTO_INCREMENT;

--
-- AUTO_INCREMENT for table `migrations`
--
ALTER TABLE `migrations`
  MODIFY `id` int(10) UNSIGNED NOT NULL AUTO_INCREMENT, AUTO_INCREMENT=38;

--
-- AUTO_INCREMENT for table `month_names`
--
ALTER TABLE `month_names`
  MODIFY `id` bigint(20) UNSIGNED NOT NULL AUTO_INCREMENT;

--
-- AUTO_INCREMENT for table `orders`
--
ALTER TABLE `orders`
  MODIFY `id` bigint(20) UNSIGNED NOT NULL AUTO_INCREMENT, AUTO_INCREMENT=3;

--
-- AUTO_INCREMENT for table `order_items`
--
ALTER TABLE `order_items`
  MODIFY `id` bigint(20) UNSIGNED NOT NULL AUTO_INCREMENT, AUTO_INCREMENT=3;

--
-- AUTO_INCREMENT for table `personal_access_tokens`
--
ALTER TABLE `personal_access_tokens`
  MODIFY `id` bigint(20) UNSIGNED NOT NULL AUTO_INCREMENT;

--
-- AUTO_INCREMENT for table `products`
--
ALTER TABLE `products`
  MODIFY `id` bigint(20) UNSIGNED NOT NULL AUTO_INCREMENT, AUTO_INCREMENT=5;

--
-- AUTO_INCREMENT for table `slides`
--
ALTER TABLE `slides`
  MODIFY `id` bigint(20) UNSIGNED NOT NULL AUTO_INCREMENT, AUTO_INCREMENT=2;

--
-- AUTO_INCREMENT for table `transactions`
--
ALTER TABLE `transactions`
  MODIFY `id` bigint(20) UNSIGNED NOT NULL AUTO_INCREMENT, AUTO_INCREMENT=3;

--
-- AUTO_INCREMENT for table `users`
--
ALTER TABLE `users`
  MODIFY `id` bigint(20) UNSIGNED NOT NULL AUTO_INCREMENT, AUTO_INCREMENT=4;

--
-- Constraints for dumped tables
--

--
-- Constraints for table `addresses`
--
ALTER TABLE `addresses`
  ADD CONSTRAINT `addresses_user_id_foreign` FOREIGN KEY (`user_id`) REFERENCES `users` (`id`) ON DELETE CASCADE;

--
-- Constraints for table `orders`
--
ALTER TABLE `orders`
  ADD CONSTRAINT `orders_user_id_foreign` FOREIGN KEY (`user_id`) REFERENCES `users` (`id`) ON DELETE CASCADE;

--
-- Constraints for table `order_items`
--
ALTER TABLE `order_items`
  ADD CONSTRAINT `order_items_order_id_foreign` FOREIGN KEY (`order_id`) REFERENCES `orders` (`id`) ON DELETE CASCADE,
  ADD CONSTRAINT `order_items_product_id_foreign` FOREIGN KEY (`product_id`) REFERENCES `products` (`id`) ON DELETE CASCADE;

--
-- Constraints for table `products`
--
ALTER TABLE `products`
  ADD CONSTRAINT `products_brand_id_foreign` FOREIGN KEY (`brand_id`) REFERENCES `brands` (`id`) ON DELETE CASCADE,
  ADD CONSTRAINT `products_category_id_foreign` FOREIGN KEY (`category_id`) REFERENCES `categories` (`id`) ON DELETE CASCADE;

--
-- Constraints for table `transactions`
--
ALTER TABLE `transactions`
  ADD CONSTRAINT `transactions_order_id_foreign` FOREIGN KEY (`order_id`) REFERENCES `orders` (`id`) ON DELETE CASCADE,
  ADD CONSTRAINT `transactions_user_id_foreign` FOREIGN KEY (`user_id`) REFERENCES `users` (`id`) ON DELETE CASCADE;
COMMIT;

/*!40101 SET CHARACTER_SET_CLIENT=@OLD_CHARACTER_SET_CLIENT */;
/*!40101 SET CHARACTER_SET_RESULTS=@OLD_CHARACTER_SET_RESULTS */;
/*!40101 SET COLLATION_CONNECTION=@OLD_COLLATION_CONNECTION */;
